name,active,description,id,taxCode,currency,recurringInterval,recurringIntervalCount,taxBehavior,unitAmount,unitAmountDecimal,customEnabled,customMaximum,customMinimum,customPreset,images,marketingFeatures,packageHeight,packageLength,packageWeight,packageWidth,shippable,stateDescr,unitLabel,url
1,NULL,desc_medium,1,1,3,day,1,inclusive,250,NULL,NULL,NULL,NULL,NULL,7,1,9.8,2.1,3.5,7.5,true,NULL,NULL,https://example.com/p
1,false,desc_long,NULL,0,1,year,NULL,NULL,NULL,9999.3,NULL,NULL,NULL,NULL,3,12,1.2,10.0,0.3,1.0,NULL,sd_ref,unit,https://stripe.test/x
1,true,desc_short,1,9,9,month,12,unspecified,9999,NULL,NULL,NULL,NULL,NULL,1,7,NULL,NULL,NULL,NULL,false,sd_label,license,NULL
1,false,NULL,NULL,3,NULL,NULL,NULL,NULL,NULL,NULL,NULL,NULL,NULL,NULL,5,3,5.5,6.4,8.2,4.0,NULL,sd_short,seat,https://store/item
1,false,NULL,1,5,2,week,3,exclusive,100,NULL,NULL,NULL,NULL,NULL,6,11,5.5,2.1,8.2,7.5,false,NULL,seat,https://example.com/p
1,true,desc_long,NULL,2,0,NULL,NULL,inclusive,250,NULL,NULL,NULL,NULL,NULL,NULL,10,9.8,6.4,0.3,4.0,false,sd_ref,NULL,https://store/item
1,NULL,NULL,NULL,NULL,8,month,3,inclusive,250,NULL,NULL,NULL,NULL,NULL,2,2,5.5,6.4,0.3,7.5,true,sd_label,seat,https://store/item
1,true,desc_short,NULL,7,6,year,NULL,inclusive,9999,NULL,NULL,NULL,NULL,NULL,8,6,1.2,2.1,0.3,1.0,true,NULL,license,NULL
1,NULL,desc_short,1,6,7,NULL,NULL,unspecified,NULL,NULL,true,5000,1,5,4,13,NULL,NULL,NULL,NULL,false,sd_ref,NULL,https://example.com/p
1,NULL,desc_medium,NULL,4,5,NULL,NULL,inclusive,NULL,NULL,true,1000,100,200,8,5,9.8,6.4,8.2,7.5,false,sd_label,unit,https://store/item
1,true,desc_medium,1,8,4,day,NULL,exclusive,NULL,250.2,NULL,NULL,NULL,NULL,1,4,5.5,6.4,8.2,4.0,true,sd_label,seat,https://store/item
1,true,desc_short,1,6,1,NULL,NULL,NULL,NULL,NULL,true,999999,50,20,6,9,1.2,10.0,8.2,7.5,true,sd_ref,NULL,https://stripe.test/x
1,NULL,desc_short,NULL,0,6,NULL,NULL,unspecified,NULL,100.1,NULL,NULL,NULL,NULL,1,15,NULL,NULL,NULL,NULL,NULL,sd_ref,license,NULL
1,NULL,NULL,1,8,8,week,NULL,NULL,NULL,9999.3,NULL,NULL,NULL,NULL,6,14,5.5,2.1,3.5,1.0,NULL,sd_ref,NULL,https://example.com/p
1,NULL,desc_short,1,3,1,month,12,exclusive,9999,NULL,NULL,NULL,NULL,NULL,NULL,NULL,9.8,6.4,0.3,7.5,false,sd_short,license,NULL
1,true,desc_short,NULL,0,8,NULL,NULL,unspecified,NULL,NULL,true,1000,50,5,3,8,9.8,10.0,3.5,1.0,true,sd_ref,NULL,NULL
