filters,search,fields,sort_by,sort_order,limit,offset
9,2,"ZIP,OFFDOM,CITY,COUNTY,STNAME,STALP,NAME,ACTIVE,CERT,CBSA,ASSET,NETINC",NULL,NULL,1,NULL
1,3,"ZIP,OFFDOM,CITY,COUNTY,STNAME,STALP",STALP,ASC,100,10
2,6,NULL,OFFICES,DESC,50,100
10,7,"ZIP,OFFDOM,CITY,COUNTY,STNAME,STALP,NAME,ACTIVE,CERT,CBSA,ASSET,NETINC,DEP,DEPDOM,ROE,ROA,DATEUPDT,OFFICES",ROA,ASC,NULL,0
0,4,NULL,NAME,DESC,50,NULL
5,8,"ZIP,OFFDOM,CITY,COUNTY,STNAME,STALP,NAME,ACTIVE,CERT,CBSA,ASSET,NETINC",COUNTY,DESC,100,10
NULL,1,"ZIP,OFFDOM,CITY,COUNTY,STNAME,STALP,NAME,ACTIVE,CERT,CBSA,ASSET,NETINC,DEP,DEPDOM,ROE,ROA,DATEUPDT,OFFICES",DEPDOM,ASC,NULL,10
3,NULL,NULL,ACTIVE,NULL,1,0
6,5,NULL,ASSET,DESC,NULL,NULL
8,9,NULL,CITY,DESC,1,100
7,10,NULL,ROE,DESC,100,10
4,0,"ZIP,OFFDOM,CITY,COUNTY,STNAME,STALP,NAME,ACTIVE,CERT,CBSA,ASSET,NETINC",OFFDOM,NULL,100,10
1,3,"ZIP,OFFDOM,CITY,COUNTY,STNAME,STALP",DATEUPDT,DESC,NULL,10
6,NULL,"ZIP,OFFDOM,CITY,COUNTY,STNAME,STALP,NAME,ACTIVE,CERT,CBSA,ASSET,NETINC",DEP,DESC,1,10
NULL,7,"ZIP,OFFDOM,CITY,COUNTY,STNAME,STALP",NETINC,ASC,NULL,100
6,9,"ZIP,OFFDOM,CITY,COUNTY,STNAME,STALP,NAME,ACTIVE,CERT,CBSA,ASSET,NETINC",CERT,ASC,NULL,10
