id,address,address2,birthDate,city,contactNote,country,email,enabled,facebook,gender,linkedin,mobile,name,note,password,secured,skype,surname,username,website,zipCode
5,NULL,Building 5,1985-12-01,Beijing,Preferred contact time: afternoon,China,user123@demo.net,true,https://facebook.com/john.doe,MALE,NULL,NULL,John,Handle with care,R7m!aPz9,true,user123.skype,Smith,testuser123,NULL,10001
8,789 Broadway,NULL,1990-05-20,NULL,Call after 6pm,USA,alice.smith@test.org,NULL,NULL,FEMALE,https://linkedin.com/in/testuser,+1-202-555-0189,Alice,Frequent buyer,T2f@Lm4z,false,alice.smith.skype,NULL,johndoe90,https://alicesmith.me,SW1A 1AA
6,456 High Road,Apt. 4B,2000-07-15,New York,NULL,NULL,john.doe@example.com,false,https://facebook.com/test.user,MALE,https://linkedin.com/in/testuser,+44-7700-900123,Bob,VIP customer,Xk3$Qw8n,NULL,john.doe.skype,Zhang,alice1985,https://johndoe.dev,100000
2,123 Main Street,NULL,NULL,London,Urgent contact only,UK,john.doe@example.com,true,https://facebook.com/alice.smith,FEMALE,https://linkedin.com/in/johndoe,+86-13800138000,Bob,NULL,R7m!aPz9,false,NULL,Doe,testuser123,https://example.org,NULL
8,456 High Road,Suite 210,1985-12-01,London,NULL,China,alice.smith@test.org,NULL,https://facebook.com/alice.smith,MALE,https://linkedin.com/in/alicesmith,+86-13800138000,John,NULL,T2f@Lm4z,NULL,user123.skype,Zhang,johndoe90,https://example.org,10001
2,789 Broadway,Suite 210,2000-07-15,Beijing,Urgent contact only,NULL,user123@demo.net,false,NULL,FEMALE,https://linkedin.com/in/alicesmith,NULL,Alice,Handle with care,Xk3$Qw8n,true,NULL,Doe,alice1985,https://alicesmith.me,NULL
3,NULL,Apt. 4B,1990-05-20,NULL,Preferred contact time: afternoon,UK,alice.smith@test.org,false,https://facebook.com/test.user,FEMALE,https://linkedin.com/in/johndoe,+44-7700-900123,John,Frequent buyer,T2f@Lm4z,true,john.doe.skype,Smith,johndoe90,NULL,NULL
4,NULL,Building 5,NULL,New York,Call after 6pm,USA,user123@demo.net,NULL,https://facebook.com/test.user,MALE,NULL,+1-202-555-0189,Bob,VIP customer,R7m!aPz9,NULL,NULL,NULL,alice1985,NULL,SW1A 1AA
3,123 Main Street,Building 5,1990-05-20,Beijing,NULL,USA,john.doe@example.com,true,https://facebook.com/john.doe,MALE,https://linkedin.com/in/alicesmith,+1-202-555-0189,Alice,Frequent buyer,Xk3$Qw8n,NULL,alice.smith.skype,Zhang,testuser123,https://johndoe.dev,100000
7,789 Broadway,Apt. 4B,NULL,NULL,Urgent contact only,China,user123@demo.net,true,NULL,MALE,NULL,+44-7700-900123,John,VIP customer,R7m!aPz9,false,user123.skype,Zhang,testuser123,https://alicesmith.me,100000
3,456 High Road,NULL,1985-12-01,New York,Preferred contact time: afternoon,NULL,alice.smith@test.org,true,https://facebook.com/john.doe,FEMALE,https://linkedin.com/in/johndoe,NULL,Bob,VIP customer,T2f@Lm4z,false,NULL,Doe,alice1985,https://johndoe.dev,10001
1,123 Main Street,Suite 210,2000-07-15,NULL,Preferred contact time: afternoon,USA,john.doe@example.com,NULL,https://facebook.com/alice.smith,FEMALE,NULL,NULL,John,Handle with care,Xk3$Qw8n,true,alice.smith.skype,NULL,johndoe90,https://example.org,SW1A 1AA
6,NULL,Building 5,1990-05-20,London,Urgent contact only,NULL,user123@demo.net,NULL,https://facebook.com/alice.smith,FEMALE,https://linkedin.com/in/testuser,+86-13800138000,Alice,NULL,Xk3$Qw8n,true,john.doe.skype,Smith,alice1985,https://johndoe.dev,SW1A 1AA
6,789 Broadway,Building 5,1985-12-01,NULL,Call after 6pm,UK,john.doe@example.com,false,https://facebook.com/john.doe,MALE,https://linkedin.com/in/johndoe,+1-202-555-0189,Alice,NULL,R7m!aPz9,NULL,user123.skype,Doe,johndoe90,https://example.org,NULL
2,456 High Road,Building 5,1990-05-20,New York,Call after 6pm,China,alice.smith@test.org,false,NULL,FEMALE,NULL,+86-13800138000,Alice,Frequent buyer,R7m!aPz9,NULL,alice.smith.skype,Smith,testuser123,https://alicesmith.me,10001
6,123 Main Street,Suite 210,NULL,Beijing,Call after 6pm,UK,alice.smith@test.org,true,https://facebook.com/test.user,FEMALE,https://linkedin.com/in/testuser,NULL,Bob,Handle with care,T2f@Lm4z,false,john.doe.skype,NULL,testuser123,https://alicesmith.me,100000
5,123 Main Street,Apt. 4B,1985-12-01,London,Call after 6pm,USA,john.doe@example.com,false,NULL,FEMALE,https://linkedin.com/in/testuser,+44-7700-900123,Alice,NULL,Xk3$Qw8n,false,alice.smith.skype,NULL,alice1985,NULL,10001
5,456 High Road,NULL,2000-07-15,Beijing,NULL,UK,user123@demo.net,NULL,https://facebook.com/test.user,FEMALE,https://linkedin.com/in/johndoe,+44-7700-900123,Bob,Frequent buyer,T2f@Lm4z,true,user123.skype,Doe,johndoe90,https://example.org,SW1A 1AA
7,NULL,Suite 210,2000-07-15,New York,Call after 6pm,UK,john.doe@example.com,NULL,https://facebook.com/john.doe,FEMALE,https://linkedin.com/in/alicesmith,+1-202-555-0189,John,Handle with care,R7m!aPz9,true,john.doe.skype,Zhang,johndoe90,https://johndoe.dev,NULL
3,789 Broadway,Suite 210,1990-05-20,London,Preferred contact time: afternoon,China,john.doe@example.com,NULL,https://facebook.com/test.user,FEMALE,https://linkedin.com/in/testuser,+86-13800138000,Bob,VIP customer,Xk3$Qw8n,true,user123.skype,Smith,alice1985,https://example.org,100000
3,NULL,NULL,NULL,London,NULL,NULL,user123@demo.net,false,https://facebook.com/alice.smith,MALE,NULL,+1-202-555-0189,John,Frequent buyer,R7m!aPz9,false,alice.smith.skype,Smith,johndoe90,https://alicesmith.me,100000
5,789 Broadway,NULL,NULL,New York,Urgent contact only,China,alice.smith@test.org,true,https://facebook.com/alice.smith,MALE,https://linkedin.com/in/alicesmith,+1-202-555-0189,Alice,VIP customer,Xk3$Qw8n,NULL,john.doe.skype,Doe,johndoe90,NULL,10001
1,456 High Road,Apt. 4B,NULL,NULL,Urgent contact only,UK,user123@demo.net,NULL,https://facebook.com/john.doe,MALE,https://linkedin.com/in/alicesmith,+86-13800138000,Bob,Handle with care,T2f@Lm4z,NULL,NULL,NULL,alice1985,https://johndoe.dev,10001
4,123 Main Street,Apt. 4B,1985-12-01,Beijing,Urgent contact only,NULL,john.doe@example.com,false,https://facebook.com/alice.smith,FEMALE,https://linkedin.com/in/testuser,NULL,John,Frequent buyer,T2f@Lm4z,false,NULL,Doe,testuser123,https://alicesmith.me,100000
3,123 Main Street,Building 5,2000-07-15,London,NULL,China,alice.smith@test.org,true,NULL,MALE,https://linkedin.com/in/johndoe,NULL,Bob,NULL,T2f@Lm4z,false,NULL,NULL,testuser123,https://johndoe.dev,SW1A 1AA
4,456 High Road,Suite 210,2000-07-15,London,Preferred contact time: afternoon,USA,alice.smith@test.org,true,NULL,MALE,https://linkedin.com/in/johndoe,+86-13800138000,Alice,NULL,Xk3$Qw8n,true,john.doe.skype,Smith,johndoe90,NULL,NULL
8,123 Main Street,Apt. 4B,NULL,New York,Preferred contact time: afternoon,UK,user123@demo.net,false,https://facebook.com/test.user,MALE,NULL,+1-202-555-0189,Bob,VIP customer,Xk3$Qw8n,true,alice.smith.skype,Doe,testuser123,https://johndoe.dev,NULL
4,789 Broadway,NULL,1990-05-20,New York,NULL,NULL,user123@demo.net,false,https://facebook.com/john.doe,MALE,https://linkedin.com/in/alicesmith,+44-7700-900123,John,Handle with care,T2f@Lm4z,false,user123.skype,Zhang,alice1985,NULL,SW1A 1AA
4,NULL,Apt. 4B,1985-12-01,NULL,NULL,NULL,alice.smith@test.org,NULL,NULL,FEMALE,NULL,NULL,Bob,NULL,T2f@Lm4z,NULL,john.doe.skype,Zhang,testuser123,https://example.org,SW1A 1AA
2,NULL,Apt. 4B,1985-12-01,NULL,Preferred contact time: afternoon,USA,john.doe@example.com,NULL,https://facebook.com/test.user,MALE,https://linkedin.com/in/johndoe,+44-7700-900123,John,NULL,T2f@Lm4z,NULL,john.doe.skype,Zhang,johndoe90,https://alicesmith.me,100000
1,NULL,Building 5,1990-05-20,Beijing,Call after 6pm,NULL,alice.smith@test.org,true,https://facebook.com/test.user,MALE,https://linkedin.com/in/testuser,+44-7700-900123,Alice,VIP customer,R7m!aPz9,false,NULL,Doe,johndoe90,https://alicesmith.me,NULL
5,456 High Road,Suite 210,1990-05-20,NULL,Urgent contact only,NULL,john.doe@example.com,NULL,https://facebook.com/test.user,MALE,https://linkedin.com/in/alicesmith,+1-202-555-0189,Alice,Frequent buyer,R7m!aPz9,false,NULL,Zhang,alice1985,https://johndoe.dev,10001
1,789 Broadway,NULL,1985-12-01,New York,NULL,China,user123@demo.net,false,NULL,FEMALE,https://linkedin.com/in/johndoe,+1-202-555-0189,Bob,NULL,T2f@Lm4z,true,john.doe.skype,Smith,testuser123,NULL,NULL
4,123 Main Street,Suite 210,2000-07-15,London,Urgent contact only,USA,alice.smith@test.org,true,https://facebook.com/john.doe,FEMALE,https://linkedin.com/in/johndoe,+44-7700-900123,John,Handle with care,Xk3$Qw8n,true,alice.smith.skype,Smith,testuser123,https://johndoe.dev,10001
6,789 Broadway,NULL,1990-05-20,Beijing,Preferred contact time: afternoon,USA,user123@demo.net,NULL,NULL,FEMALE,https://linkedin.com/in/alicesmith,NULL,John,NULL,T2f@Lm4z,NULL,alice.smith.skype,Doe,johndoe90,NULL,100000
7,123 Main Street,Building 5,1985-12-01,Beijing,NULL,USA,alice.smith@test.org,false,https://facebook.com/alice.smith,FEMALE,https://linkedin.com/in/johndoe,+86-13800138000,Alice,NULL,Xk3$Qw8n,NULL,user123.skype,NULL,alice1985,https://example.org,10001
5,789 Broadway,Apt. 4B,1985-12-01,New York,Call after 6pm,NULL,alice.smith@test.org,NULL,https://facebook.com/alice.smith,MALE,https://linkedin.com/in/testuser,+44-7700-900123,Bob,VIP customer,T2f@Lm4z,false,NULL,NULL,testuser123,https://alicesmith.me,NULL
7,456 High Road,NULL,1990-05-20,London,Preferred contact time: afternoon,NULL,john.doe@example.com,true,https://facebook.com/test.user,MALE,https://linkedin.com/in/alicesmith,NULL,Bob,Frequent buyer,T2f@Lm4z,true,NULL,Smith,alice1985,NULL,SW1A 1AA
2,789 Broadway,Suite 210,1985-12-01,New York,NULL,UK,john.doe@example.com,true,https://facebook.com/john.doe,MALE,https://linkedin.com/in/testuser,+1-202-555-0189,Bob,VIP customer,Xk3$Qw8n,NULL,user123.skype,NULL,testuser123,https://johndoe.dev,SW1A 1AA
1,789 Broadway,Building 5,1985-12-01,London,NULL,UK,alice.smith@test.org,NULL,NULL,MALE,NULL,+1-202-555-0189,John,Frequent buyer,T2f@Lm4z,NULL,user123.skype,Zhang,alice1985,https://alicesmith.me,100000
6,123 Main Street,NULL,2000-07-15,New York,Urgent contact only,China,user123@demo.net,NULL,https://facebook.com/john.doe,MALE,NULL,+44-7700-900123,Bob,Frequent buyer,Xk3$Qw8n,false,NULL,NULL,testuser123,https://example.org,10001
7,456 High Road,Suite 210,2000-07-15,London,Preferred contact time: afternoon,USA,user123@demo.net,true,https://facebook.com/john.doe,FEMALE,https://linkedin.com/in/testuser,+1-202-555-0189,Alice,Frequent buyer,R7m!aPz9,NULL,alice.smith.skype,Doe,alice1985,https://alicesmith.me,10001
8,NULL,Building 5,2000-07-15,Beijing,Urgent contact only,NULL,john.doe@example.com,true,https://facebook.com/john.doe,MALE,https://linkedin.com/in/johndoe,NULL,John,Handle with care,R7m!aPz9,NULL,NULL,Smith,alice1985,NULL,100000
4,789 Broadway,Suite 210,1985-12-01,Beijing,Call after 6pm,China,alice.smith@test.org,NULL,https://facebook.com/test.user,FEMALE,NULL,+86-13800138000,John,Handle with care,R7m!aPz9,true,user123.skype,Doe,testuser123,https://johndoe.dev,10001
8,456 High Road,Building 5,1990-05-20,Beijing,Urgent contact only,NULL,alice.smith@test.org,NULL,NULL,FEMALE,NULL,+44-7700-900123,Bob,Handle with care,Xk3$Qw8n,true,john.doe.skype,NULL,testuser123,https://johndoe.dev,10001
3,456 High Road,NULL,2000-07-15,NULL,Call after 6pm,USA,alice.smith@test.org,true,https://facebook.com/john.doe,FEMALE,NULL,+44-7700-900123,John,Handle with care,R7m!aPz9,true,alice.smith.skype,NULL,testuser123,https://johndoe.dev,NULL
2,789 Broadway,Building 5,1985-12-01,London,Urgent contact only,UK,john.doe@example.com,true,https://facebook.com/alice.smith,MALE,https://linkedin.com/in/alicesmith,+1-202-555-0189,John,NULL,Xk3$Qw8n,true,user123.skype,NULL,testuser123,NULL,100000
3,789 Broadway,Building 5,1990-05-20,London,Urgent contact only,China,user123@demo.net,true,https://facebook.com/test.user,MALE,NULL,+1-202-555-0189,John,Handle with care,R7m!aPz9,NULL,NULL,Smith,testuser123,NULL,100000
4,123 Main Street,Building 5,1985-12-01,NULL,Call after 6pm,UK,user123@demo.net,NULL,NULL,FEMALE,https://linkedin.com/in/johndoe,NULL,Bob,Handle with care,R7m!aPz9,NULL,user123.skype,Doe,testuser123,https://alicesmith.me,10001
5,123 Main Street,Apt. 4B,1985-12-01,London,NULL,China,user123@demo.net,true,https://facebook.com/alice.smith,MALE,https://linkedin.com/in/johndoe,+86-13800138000,Alice,Frequent buyer,Xk3$Qw8n,false,user123.skype,Doe,testuser123,https://johndoe.dev,100000
