,Small_#TC,Small_#RF,Medium_#TC,Medium_#RF,Large_#TC,Large_#RF
ScoutAPI-CA,4,170,6,226,31,1521
ProjectSwagger-AT,2,67,9,331,44,1926
UserOpenAPI-UU,3,68,10,266,52,1622
Market-CU,2,21,4,43,15,164
PersonOpenAPI-CP,2,35,4,69,35,587
ProxyPrint-CR,2,22,7,92,28,386
LanguageTool-CT,4,91,6,133,30,1117
CatWatch-LP,2,11,15,140,155,1298
GestaoHospital-CH,2,16,5,43,19,169
GenomeNexus-LA,2,1159,9,5421,41,27562
Stripe-CP,4,131,18,656,228,8966
Foursquare-SP,4,304,14,407,130,9902
Yelp-SB,3,24,7,2242,49,32826
AmadeusHotel-LO,3,940,6,1429,30,29350
YouTube-GV,4,128,45,11665,333,144546
DHL-SL,2,10,27,6014,186,29169
FDIC-SI,2,34,17,931,201,73472
Ohsome-GM,4,44,10,118,47,589
DeutscheBahn-LS,3,11618,7,15442,27,87367
iTunes-SM,2,245,31,12821,678,436212
Total,56,15138,257,58489,2359,888751
