OriginalTestCaseId,TestCaseId,Success,FailureMessage
953db532-52ee-4f3e-953a-6aa14a687bad,8cea308b-9694-4f99-900f-b35a82145a89,false,"[Regression] Status code mismatch for matchId=953db532-52ee-4f3e-953a-6aa14a687bad
   Expected: 200
   Actual:   504"
953db532-52ee-4f3e-953a-6aa14a687bad,eb714afb-e2c3-435b-af48-2903fec81892,false,"[Regression] Header value (content-type) mismatch for matchId=953db532-52ee-4f3e-953a-6aa14a687bad
   Expected: application/json;charset=UTF-8
   Actual:   charset=UTF-8"
953db532-52ee-4f3e-953a-6aa14a687bad,06870e63-7ec6-43c8-9422-1dec2043968a,false,"[Regression] Header value (content-type) mismatch for matchId=953db532-52ee-4f3e-953a-6aa14a687bad
   Expected: application/json;charset=UTF-8
   Actual:   application/json; charset=UTF-16"
953db532-52ee-4f3e-953a-6aa14a687bad,d4e2f5a4-0120-410b-80c7-b97f0ce1b162,false,"[Regression] Header value (content-type) mismatch for matchId=953db532-52ee-4f3e-953a-6aa14a687bad
   Expected: application/json;charset=UTF-8
   Actual:   application/json; charset=UTF-8"
953db532-52ee-4f3e-953a-6aa14a687bad,d7e9626f-97d7-4221-9df9-e5864341ef80,false,"[Regression] Header value (content-type) mismatch for matchId=953db532-52ee-4f3e-953a-6aa14a687bad
   Expected: application/json;charset=UTF-8
   Actual:   application/json; charset=UTF-8"
953db532-52ee-4f3e-953a-6aa14a687bad,f5d9f726-39f8-40b8-a5e2-4356aaa26047,false,"[Regression] Header value (content-type) mismatch for matchId=953db532-52ee-4f3e-953a-6aa14a687bad
   Expected: application/json;charset=UTF-8
   Actual:   application/json; charset=UTF-8"
953db532-52ee-4f3e-953a-6aa14a687bad,f32e73c7-56a3-413f-b602-bfdb6dc54fc6,false,"[Regression] Header value (content-type) mismatch for matchId=953db532-52ee-4f3e-953a-6aa14a687bad
   Expected: application/json;charset=UTF-8
   Actual:   application/json; charset=UTF-8"
953db532-52ee-4f3e-953a-6aa14a687bad,666a67a0-5886-4f0f-a1f6-6e7cc1551aab,false,"[Regression] Header value (content-type) mismatch for matchId=953db532-52ee-4f3e-953a-6aa14a687bad
   Expected: application/json;charset=UTF-8
   Actual:   application/json; charset=UTF-8"
953db532-52ee-4f3e-953a-6aa14a687bad,86268726-5b4a-459f-b5c3-7c37d744aada,false,"[Regression] Header value (content-type) mismatch for matchId=953db532-52ee-4f3e-953a-6aa14a687bad
   Expected: application/json;charset=UTF-8
   Actual:   application/json; charset=UTF-8"
953db532-52ee-4f3e-953a-6aa14a687bad,ecad0a45-ed60-4773-b06a-6bbb6d958e1a,false,"[Regression] Header value (content-type) mismatch for matchId=953db532-52ee-4f3e-953a-6aa14a687bad
   Expected: application/json;charset=UTF-8
   Actual:   application/json; charset=UTF-8"
5c59eb12-52a6-4cb0-ab4f-e2bc4278f647,e29261df-56f0-4687-a1aa-02fe389a235d,false,"[Regression] Status code mismatch for matchId=5c59eb12-52a6-4cb0-ab4f-e2bc4278f647
   Expected: 200
   Actual:   401"
5c59eb12-52a6-4cb0-ab4f-e2bc4278f647,7e8ac8c3-8760-4ebf-872f-4952037ead02,false,"[Regression] Header value (content-type) mismatch for matchId=5c59eb12-52a6-4cb0-ab4f-e2bc4278f647
   Expected: application/json;charset=UTF-8
   Actual:   text/css; charset=UTF-8"
5c59eb12-52a6-4cb0-ab4f-e2bc4278f647,217ef542-bdc6-4844-9931-d530d0f9356e,false,"[Regression] Header value (content-type) mismatch for matchId=5c59eb12-52a6-4cb0-ab4f-e2bc4278f647
   Expected: application/json;charset=UTF-8
   Actual:   application/json; charset=utf-16"
5c59eb12-52a6-4cb0-ab4f-e2bc4278f647,9b7554ed-a407-4e4a-b77e-c640ba6d584c,false,"[Regression] Header value (content-type) mismatch for matchId=5c59eb12-52a6-4cb0-ab4f-e2bc4278f647
   Expected: application/json;charset=UTF-8
   Actual:   application/json; charset=UTF-8"
5c59eb12-52a6-4cb0-ab4f-e2bc4278f647,55814edb-f24f-4e91-b78f-dcadc765a40d,false,"[Regression] Header value (content-type) mismatch for matchId=5c59eb12-52a6-4cb0-ab4f-e2bc4278f647
   Expected: application/json;charset=UTF-8
   Actual:   application/json; charset=UTF-8"
5c59eb12-52a6-4cb0-ab4f-e2bc4278f647,3242b601-f561-4eb9-9154-7a003d71226a,false,"[Regression] Header value (content-type) mismatch for matchId=5c59eb12-52a6-4cb0-ab4f-e2bc4278f647
   Expected: application/json;charset=UTF-8
   Actual:   application/json; charset=UTF-8"
5c59eb12-52a6-4cb0-ab4f-e2bc4278f647,2c481ba8-db65-4d39-9ae4-11df147189e8,false,"[Regression] Header value (content-type) mismatch for matchId=5c59eb12-52a6-4cb0-ab4f-e2bc4278f647
   Expected: application/json;charset=UTF-8
   Actual:   application/json; charset=UTF-8"
5c59eb12-52a6-4cb0-ab4f-e2bc4278f647,1ccfe739-08df-4091-9639-ed97e418e188,false,"[Regression] Header value (content-type) mismatch for matchId=5c59eb12-52a6-4cb0-ab4f-e2bc4278f647
   Expected: application/json;charset=UTF-8
   Actual:   application/json; charset=UTF-8"
5c59eb12-52a6-4cb0-ab4f-e2bc4278f647,067a1d36-b18b-4e22-9228-e442fd4daa8e,false,"[Regression] Header value (content-type) mismatch for matchId=5c59eb12-52a6-4cb0-ab4f-e2bc4278f647
   Expected: application/json;charset=UTF-8
   Actual:   application/json; charset=UTF-8"
5c59eb12-52a6-4cb0-ab4f-e2bc4278f647,4fa9d993-afa0-4737-9ebc-bf534232a492,false,"[Regression] Header value (content-type) mismatch for matchId=5c59eb12-52a6-4cb0-ab4f-e2bc4278f647
   Expected: application/json;charset=UTF-8
   Actual:   application/json; charset=UTF-8"
d8d93b90-8fa6-48bd-9f41-b86fbdfc616d,1c953548-3ba5-4fc6-b7e3-70b2c6c42a08,false,"[Regression] Status code mismatch for matchId=d8d93b90-8fa6-48bd-9f41-b86fbdfc616d
   Expected: 200
   Actual:   201"
d8d93b90-8fa6-48bd-9f41-b86fbdfc616d,3409b64c-a9e6-49f4-b898-916f7545d81b,false,"[Regression] Header value (content-type) mismatch for matchId=d8d93b90-8fa6-48bd-9f41-b86fbdfc616d
   Expected: application/json;charset=UTF-8
   Actual:   application/x-www-form-urlencoded; charset=UTF-8"
d8d93b90-8fa6-48bd-9f41-b86fbdfc616d,e3b4046b-9ab3-49ed-a149-3d2fe763ea5f,false,"[Regression] Header value (content-type) mismatch for matchId=d8d93b90-8fa6-48bd-9f41-b86fbdfc616d
   Expected: application/json;charset=UTF-8
   Actual:   application/json"
d8d93b90-8fa6-48bd-9f41-b86fbdfc616d,518c56f5-be7c-4bce-bee1-ec2ad5a5ea7c,false,"[Regression] Header value (content-type) mismatch for matchId=d8d93b90-8fa6-48bd-9f41-b86fbdfc616d
   Expected: application/json;charset=UTF-8
   Actual:   application/json; charset=UTF-8"
d8d93b90-8fa6-48bd-9f41-b86fbdfc616d,6be23c10-e3e2-4d7c-8cbd-e2b16d39bf76,false,"[Regression] Header value (content-type) mismatch for matchId=d8d93b90-8fa6-48bd-9f41-b86fbdfc616d
   Expected: application/json;charset=UTF-8
   Actual:   application/json; charset=UTF-8"
d8d93b90-8fa6-48bd-9f41-b86fbdfc616d,8094619d-0a59-484a-9f5b-69e82919f319,false,"[Regression] Header value (content-type) mismatch for matchId=d8d93b90-8fa6-48bd-9f41-b86fbdfc616d
   Expected: application/json;charset=UTF-8
   Actual:   application/json; charset=UTF-8"
d8d93b90-8fa6-48bd-9f41-b86fbdfc616d,ba8f3038-dac3-4d94-b439-159c39fc0776,false,"[Regression] Header value (content-type) mismatch for matchId=d8d93b90-8fa6-48bd-9f41-b86fbdfc616d
   Expected: application/json;charset=UTF-8
   Actual:   application/json; charset=UTF-8"
d8d93b90-8fa6-48bd-9f41-b86fbdfc616d,21df772f-e769-458d-93af-65ec895ebdef,false,"[Regression] Header value (content-type) mismatch for matchId=d8d93b90-8fa6-48bd-9f41-b86fbdfc616d
   Expected: application/json;charset=UTF-8
   Actual:   application/json; charset=UTF-8"
d8d93b90-8fa6-48bd-9f41-b86fbdfc616d,649fe21a-5149-4825-9c7e-0f40dfcddeb4,false,"[Regression] Header value (content-type) mismatch for matchId=d8d93b90-8fa6-48bd-9f41-b86fbdfc616d
   Expected: application/json;charset=UTF-8
   Actual:   application/json; charset=UTF-8"
d8d93b90-8fa6-48bd-9f41-b86fbdfc616d,034b07ba-25ac-4d77-8adf-174871c756ee,false,"[Regression] Header value (content-type) mismatch for matchId=d8d93b90-8fa6-48bd-9f41-b86fbdfc616d
   Expected: application/json;charset=UTF-8
   Actual:   application/json; charset=UTF-8"
fc823edd-d448-48e0-87c7-308ec65c0e92,9caa78ae-8b4c-4c08-83e9-e839eeb99271,false,"[Regression] Status code mismatch for matchId=fc823edd-d448-48e0-87c7-308ec65c0e92
   Expected: 200
   Actual:   404"
fc823edd-d448-48e0-87c7-308ec65c0e92,1c93915e-973c-416c-8b67-b008d12c9dd7,false,"[Regression] Header value (content-type) mismatch for matchId=fc823edd-d448-48e0-87c7-308ec65c0e92
   Expected: application/json;charset=UTF-8
   Actual:   charset=UTF-8"
fc823edd-d448-48e0-87c7-308ec65c0e92,ae33b136-1107-45b1-90a0-315c8448e209,false,"[Regression] Header value (content-type) mismatch for matchId=fc823edd-d448-48e0-87c7-308ec65c0e92
   Expected: application/json;charset=UTF-8
   Actual:   application/json"
fc823edd-d448-48e0-87c7-308ec65c0e92,f70dff59-3b4a-4982-97ce-485a797aebe0,false,"[Regression] Header value (content-type) mismatch for matchId=fc823edd-d448-48e0-87c7-308ec65c0e92
   Expected: application/json;charset=UTF-8
   Actual:   application/json; charset=UTF-8"
fc823edd-d448-48e0-87c7-308ec65c0e92,314ced0d-7968-40b3-a7b1-7f2929de39c4,false,"[Regression] Header value (content-type) mismatch for matchId=fc823edd-d448-48e0-87c7-308ec65c0e92
   Expected: application/json;charset=UTF-8
   Actual:   application/json; charset=UTF-8"
fc823edd-d448-48e0-87c7-308ec65c0e92,a94b3eda-3fed-4bbe-9ccc-54cb67dbd6f9,false,"[Regression] Header value (content-type) mismatch for matchId=fc823edd-d448-48e0-87c7-308ec65c0e92
   Expected: application/json;charset=UTF-8
   Actual:   application/json; charset=UTF-8"
fc823edd-d448-48e0-87c7-308ec65c0e92,96072612-ab63-40cc-b2cf-d47dde38633e,false,"[Regression] Header value (content-type) mismatch for matchId=fc823edd-d448-48e0-87c7-308ec65c0e92
   Expected: application/json;charset=UTF-8
   Actual:   application/json; charset=UTF-8"
fc823edd-d448-48e0-87c7-308ec65c0e92,82d20d1f-915d-42e7-bae0-08a960f57e69,false,"[Regression] Header value (content-type) mismatch for matchId=fc823edd-d448-48e0-87c7-308ec65c0e92
   Expected: application/json;charset=UTF-8
   Actual:   application/json; charset=UTF-8"
fc823edd-d448-48e0-87c7-308ec65c0e92,c26be11c-2640-4c95-9430-968c6755e04e,false,"[Regression] Header value (content-type) mismatch for matchId=fc823edd-d448-48e0-87c7-308ec65c0e92
   Expected: application/json;charset=UTF-8
   Actual:   application/json; charset=UTF-8"
fc823edd-d448-48e0-87c7-308ec65c0e92,88660cdb-8488-4744-9b79-ca376eac3bc8,false,"[Regression] Header value (content-type) mismatch for matchId=fc823edd-d448-48e0-87c7-308ec65c0e92
   Expected: application/json;charset=UTF-8
   Actual:   application/json; charset=UTF-8"
a8a78ee8-a7aa-4d77-9575-0416a9dd2ce5,521cf0da-a05b-4bdf-8701-2511e297629c,false,"[Regression] Status code mismatch for matchId=a8a78ee8-a7aa-4d77-9575-0416a9dd2ce5
   Expected: 200
   Actual:   201"
a8a78ee8-a7aa-4d77-9575-0416a9dd2ce5,271fb1d0-dd61-4d3a-bcf1-abf810497187,false,"[Regression] Header value (content-type) mismatch for matchId=a8a78ee8-a7aa-4d77-9575-0416a9dd2ce5
   Expected: application/json;charset=UTF-8
   Actual:   charset=UTF-8"
a8a78ee8-a7aa-4d77-9575-0416a9dd2ce5,6b7fb4d3-152d-47f1-9ce1-f30e910e348d,false,"[Regression] Header value (content-type) mismatch for matchId=a8a78ee8-a7aa-4d77-9575-0416a9dd2ce5
   Expected: application/json;charset=UTF-8
   Actual:   application/json; charset=iso-8859-15"
a8a78ee8-a7aa-4d77-9575-0416a9dd2ce5,b910c7d1-1b1f-4c38-8f22-3bf6c9ed081f,false,"[Regression] Header value (content-type) mismatch for matchId=a8a78ee8-a7aa-4d77-9575-0416a9dd2ce5
   Expected: application/json;charset=UTF-8
   Actual:   application/json; charset=UTF-8"
a8a78ee8-a7aa-4d77-9575-0416a9dd2ce5,48fe25ac-189a-499f-a67a-f169cec74102,false,"[Regression] Header value (content-type) mismatch for matchId=a8a78ee8-a7aa-4d77-9575-0416a9dd2ce5
   Expected: application/json;charset=UTF-8
   Actual:   application/json; charset=UTF-8"
a8a78ee8-a7aa-4d77-9575-0416a9dd2ce5,084b62f2-1d55-4d67-88ad-8591ee922a9c,false,"[Regression] Header value (content-type) mismatch for matchId=a8a78ee8-a7aa-4d77-9575-0416a9dd2ce5
   Expected: application/json;charset=UTF-8
   Actual:   application/json; charset=UTF-8"
a8a78ee8-a7aa-4d77-9575-0416a9dd2ce5,7cdcf6cb-74c8-4ab4-ac45-1ab16716543a,false,"[Regression] Header value (content-type) mismatch for matchId=a8a78ee8-a7aa-4d77-9575-0416a9dd2ce5
   Expected: application/json;charset=UTF-8
   Actual:   application/json; charset=UTF-8"
a8a78ee8-a7aa-4d77-9575-0416a9dd2ce5,1bfe78a2-6dbe-453a-b465-3dc2ec018d3b,false,"[Regression] Header value (content-type) mismatch for matchId=a8a78ee8-a7aa-4d77-9575-0416a9dd2ce5
   Expected: application/json;charset=UTF-8
   Actual:   application/json; charset=UTF-8"
a8a78ee8-a7aa-4d77-9575-0416a9dd2ce5,a261719c-6a36-4e7e-a726-5251a9367a49,false,"[Regression] Header value (content-type) mismatch for matchId=a8a78ee8-a7aa-4d77-9575-0416a9dd2ce5
   Expected: application/json;charset=UTF-8
   Actual:   application/json; charset=UTF-8"
a8a78ee8-a7aa-4d77-9575-0416a9dd2ce5,a036c0ea-e305-4c65-9380-be190de78ba7,false,"[Regression] Header value (content-type) mismatch for matchId=a8a78ee8-a7aa-4d77-9575-0416a9dd2ce5
   Expected: application/json;charset=UTF-8
   Actual:   application/json; charset=UTF-8"
5e2a30e9-cffc-4ab2-9c94-4cabba813996,ee64dca5-f8ec-43dd-9d4f-513b2414ac1e,false,"[Regression] Status code mismatch for matchId=5e2a30e9-cffc-4ab2-9c94-4cabba813996
   Expected: 200
   Actual:   201"
5e2a30e9-cffc-4ab2-9c94-4cabba813996,5d874c6e-3377-4554-a973-018e0d44ac85,false,"[Regression] Header value (content-type) mismatch for matchId=5e2a30e9-cffc-4ab2-9c94-4cabba813996
   Expected: application/json;charset=UTF-8
   Actual:   text/html; charset=UTF-8"
5e2a30e9-cffc-4ab2-9c94-4cabba813996,84a6859b-c748-43f6-a4c9-64c5c6d9504d,false,"[Regression] Header value (content-type) mismatch for matchId=5e2a30e9-cffc-4ab2-9c94-4cabba813996
   Expected: application/json;charset=UTF-8
   Actual:   application/json; charset=iso-8859-15"
5e2a30e9-cffc-4ab2-9c94-4cabba813996,587c37c1-e7e8-4c0c-ac99-fd3f7782bb85,false,"[Regression] Header value (content-type) mismatch for matchId=5e2a30e9-cffc-4ab2-9c94-4cabba813996
   Expected: application/json;charset=UTF-8
   Actual:   application/json; charset=UTF-8"
5e2a30e9-cffc-4ab2-9c94-4cabba813996,a840f16a-2f93-4845-a61c-81a3eebb449b,false,"[Regression] Header value (content-type) mismatch for matchId=5e2a30e9-cffc-4ab2-9c94-4cabba813996
   Expected: application/json;charset=UTF-8
   Actual:   application/json; charset=UTF-8"
5e2a30e9-cffc-4ab2-9c94-4cabba813996,7e7229a4-7206-4605-b455-ab2d8f6667b4,false,"[Regression] Header value (content-type) mismatch for matchId=5e2a30e9-cffc-4ab2-9c94-4cabba813996
   Expected: application/json;charset=UTF-8
   Actual:   application/json; charset=UTF-8"
5e2a30e9-cffc-4ab2-9c94-4cabba813996,d6ff6eee-9a8d-4f8e-99f4-d645e02a07a7,false,"[Regression] Header value (content-type) mismatch for matchId=5e2a30e9-cffc-4ab2-9c94-4cabba813996
   Expected: application/json;charset=UTF-8
   Actual:   application/json; charset=UTF-8"
5e2a30e9-cffc-4ab2-9c94-4cabba813996,94116c4b-1fe4-4fee-bb16-fb6bc1d74972,false,"[Regression] Header value (content-type) mismatch for matchId=5e2a30e9-cffc-4ab2-9c94-4cabba813996
   Expected: application/json;charset=UTF-8
   Actual:   application/json; charset=UTF-8"
5e2a30e9-cffc-4ab2-9c94-4cabba813996,7b8e1453-02c7-48bc-9a44-33f7e3771106,false,"[Regression] Header value (content-type) mismatch for matchId=5e2a30e9-cffc-4ab2-9c94-4cabba813996
   Expected: application/json;charset=UTF-8
   Actual:   application/json; charset=UTF-8"
5e2a30e9-cffc-4ab2-9c94-4cabba813996,820c75d5-acd6-4ba8-acf0-4895fb0ede99,false,"[Regression] Header value (content-type) mismatch for matchId=5e2a30e9-cffc-4ab2-9c94-4cabba813996
   Expected: application/json;charset=UTF-8
   Actual:   application/json; charset=UTF-8"
0a408569-f8dd-4323-8452-f804f1878552,034d02ad-c177-4aa4-8025-947301abcd1b,false,"[Regression] Status code mismatch for matchId=0a408569-f8dd-4323-8452-f804f1878552
   Expected: 200
   Actual:   501"
0a408569-f8dd-4323-8452-f804f1878552,28b5d243-a732-4576-b709-1d7f1eefee28,false,"[Regression] Header value (content-type) mismatch for matchId=0a408569-f8dd-4323-8452-f804f1878552
   Expected: application/json;charset=UTF-8
   Actual:   text/plain; charset=UTF-8"
0a408569-f8dd-4323-8452-f804f1878552,dd4321b2-690a-4581-81ca-3b47a033ec3a,false,"[Regression] Header value (content-type) mismatch for matchId=0a408569-f8dd-4323-8452-f804f1878552
   Expected: application/json;charset=UTF-8
   Actual:   application/json; charset=utf-32"
0a408569-f8dd-4323-8452-f804f1878552,7414b28d-a868-4881-aa4a-fa7aff999436,false,"[Regression] Header value (content-type) mismatch for matchId=0a408569-f8dd-4323-8452-f804f1878552
   Expected: application/json;charset=UTF-8
   Actual:   application/json; charset=UTF-8"
0a408569-f8dd-4323-8452-f804f1878552,f304876c-0ca7-42b4-96b8-72e6b9115583,false,"[Regression] Header value (content-type) mismatch for matchId=0a408569-f8dd-4323-8452-f804f1878552
   Expected: application/json;charset=UTF-8
   Actual:   application/json; charset=UTF-8"
0a408569-f8dd-4323-8452-f804f1878552,0661e7db-c031-482c-a632-2e71f85a7bd5,false,"[Regression] Header value (content-type) mismatch for matchId=0a408569-f8dd-4323-8452-f804f1878552
   Expected: application/json;charset=UTF-8
   Actual:   application/json; charset=UTF-8"
0a408569-f8dd-4323-8452-f804f1878552,fa8cc994-047a-418d-b800-3025ce92d1e2,false,"[Regression] Header value (content-type) mismatch for matchId=0a408569-f8dd-4323-8452-f804f1878552
   Expected: application/json;charset=UTF-8
   Actual:   application/json; charset=UTF-8"
0a408569-f8dd-4323-8452-f804f1878552,82882845-b736-40cc-b869-759ff7c1ab69,false,"[Regression] Header value (content-type) mismatch for matchId=0a408569-f8dd-4323-8452-f804f1878552
   Expected: application/json;charset=UTF-8
   Actual:   application/json; charset=UTF-8"
0a408569-f8dd-4323-8452-f804f1878552,e2609770-6ca3-4c3e-b943-998e00a2aca8,false,"[Regression] Header value (content-type) mismatch for matchId=0a408569-f8dd-4323-8452-f804f1878552
   Expected: application/json;charset=UTF-8
   Actual:   application/json; charset=UTF-8"
0a408569-f8dd-4323-8452-f804f1878552,7c66cfc7-6ad7-4295-a903-63d691607491,false,"[Regression] Header value (content-type) mismatch for matchId=0a408569-f8dd-4323-8452-f804f1878552
   Expected: application/json;charset=UTF-8
   Actual:   application/json; charset=UTF-8"
11477151-c10c-47bb-a358-92cf81c16304,3f6b0120-7697-41bb-907e-2b92be9e2907,false,"[Regression] Status code mismatch for matchId=11477151-c10c-47bb-a358-92cf81c16304
   Expected: 200
   Actual:   500"
11477151-c10c-47bb-a358-92cf81c16304,28cca7f2-2e09-4577-b38f-9d495bda1d28,false,"[Regression] Header value (content-type) mismatch for matchId=11477151-c10c-47bb-a358-92cf81c16304
   Expected: application/json;charset=UTF-8
   Actual:   charset=UTF-8"
11477151-c10c-47bb-a358-92cf81c16304,ea89a950-a2ff-45c0-a7f9-a8f7117633b2,false,"[Regression] Header value (content-type) mismatch for matchId=11477151-c10c-47bb-a358-92cf81c16304
   Expected: application/json;charset=UTF-8
   Actual:   application/json"
11477151-c10c-47bb-a358-92cf81c16304,6123a7e4-39ab-4996-a9c7-f893a0ed432a,false,"[Regression] Header value (content-type) mismatch for matchId=11477151-c10c-47bb-a358-92cf81c16304
   Expected: application/json;charset=UTF-8
   Actual:   application/json; charset=UTF-8"
11477151-c10c-47bb-a358-92cf81c16304,b19a511c-c156-462b-866e-ac552b91c399,false,"[Regression] Header value (content-type) mismatch for matchId=11477151-c10c-47bb-a358-92cf81c16304
   Expected: application/json;charset=UTF-8
   Actual:   application/json; charset=UTF-8"
11477151-c10c-47bb-a358-92cf81c16304,c5665762-af05-4a4a-9334-2575602232d5,false,"[Regression] Header value (content-type) mismatch for matchId=11477151-c10c-47bb-a358-92cf81c16304
   Expected: application/json;charset=UTF-8
   Actual:   application/json; charset=UTF-8"
11477151-c10c-47bb-a358-92cf81c16304,325753ca-6cc7-447a-aed2-7cd72045e1f4,false,"[Regression] Header value (content-type) mismatch for matchId=11477151-c10c-47bb-a358-92cf81c16304
   Expected: application/json;charset=UTF-8
   Actual:   application/json; charset=UTF-8"
11477151-c10c-47bb-a358-92cf81c16304,8e4f8bfe-c115-4d2d-acb3-15e423a0df08,false,"[Regression] Header value (content-type) mismatch for matchId=11477151-c10c-47bb-a358-92cf81c16304
   Expected: application/json;charset=UTF-8
   Actual:   application/json; charset=UTF-8"
11477151-c10c-47bb-a358-92cf81c16304,ae05c18e-d9c2-434e-a6a3-8b88db76f141,false,"[Regression] Header value (content-type) mismatch for matchId=11477151-c10c-47bb-a358-92cf81c16304
   Expected: application/json;charset=UTF-8
   Actual:   application/json; charset=UTF-8"
11477151-c10c-47bb-a358-92cf81c16304,83437b5f-cd98-437c-b47e-1c1f28195f3e,false,"[Regression] Header value (content-type) mismatch for matchId=11477151-c10c-47bb-a358-92cf81c16304
   Expected: application/json;charset=UTF-8
   Actual:   application/json; charset=UTF-8"
46f8e8a3-c72a-4ad9-ba61-9d2bc833fdb3,3b013b7d-41c4-4a39-af3a-9d13c6a81678,false,"[Regression] Status code mismatch for matchId=46f8e8a3-c72a-4ad9-ba61-9d2bc833fdb3
   Expected: 200
   Actual:   201"
46f8e8a3-c72a-4ad9-ba61-9d2bc833fdb3,9302563b-04aa-49b3-9b79-47ab1054fd50,false,"[Regression] Header value (content-type) mismatch for matchId=46f8e8a3-c72a-4ad9-ba61-9d2bc833fdb3
   Expected: application/json;charset=UTF-8
   Actual:   text/html; charset=UTF-8"
46f8e8a3-c72a-4ad9-ba61-9d2bc833fdb3,651fdc39-a3ab-4494-adaf-4bdab51037c8,false,"[Regression] Header value (content-type) mismatch for matchId=46f8e8a3-c72a-4ad9-ba61-9d2bc833fdb3
   Expected: application/json;charset=UTF-8
   Actual:   application/json; charset=ISO-8859-15"
46f8e8a3-c72a-4ad9-ba61-9d2bc833fdb3,a1511a27-d32f-4ced-b1ca-0cd74a6f116e,false,"[Regression] Header value (content-type) mismatch for matchId=46f8e8a3-c72a-4ad9-ba61-9d2bc833fdb3
   Expected: application/json;charset=UTF-8
   Actual:   application/json; charset=UTF-8"
46f8e8a3-c72a-4ad9-ba61-9d2bc833fdb3,3ce12a14-98d0-49db-bf24-7501a5887bee,false,"[Regression] Header value (content-type) mismatch for matchId=46f8e8a3-c72a-4ad9-ba61-9d2bc833fdb3
   Expected: application/json;charset=UTF-8
   Actual:   application/json; charset=UTF-8"
46f8e8a3-c72a-4ad9-ba61-9d2bc833fdb3,5d65ec0f-4215-4c09-afd7-b878c398cadc,false,"[Regression] Header value (content-type) mismatch for matchId=46f8e8a3-c72a-4ad9-ba61-9d2bc833fdb3
   Expected: application/json;charset=UTF-8
   Actual:   application/json; charset=UTF-8"
46f8e8a3-c72a-4ad9-ba61-9d2bc833fdb3,1b4cf5bc-3367-4151-88e2-5b4abcee2ebe,false,"[Regression] Header value (content-type) mismatch for matchId=46f8e8a3-c72a-4ad9-ba61-9d2bc833fdb3
   Expected: application/json;charset=UTF-8
   Actual:   application/json; charset=UTF-8"
46f8e8a3-c72a-4ad9-ba61-9d2bc833fdb3,b43f2992-fdac-421b-85ee-1b63da0a4609,false,"[Regression] Header value (content-type) mismatch for matchId=46f8e8a3-c72a-4ad9-ba61-9d2bc833fdb3
   Expected: application/json;charset=UTF-8
   Actual:   application/json; charset=UTF-8"
46f8e8a3-c72a-4ad9-ba61-9d2bc833fdb3,c87bdf36-2543-4678-9513-28e79059e06c,false,"[Regression] Header value (content-type) mismatch for matchId=46f8e8a3-c72a-4ad9-ba61-9d2bc833fdb3
   Expected: application/json;charset=UTF-8
   Actual:   application/json; charset=UTF-8"
46f8e8a3-c72a-4ad9-ba61-9d2bc833fdb3,e5192273-cff1-43df-9a78-d35827e41c99,false,"[Regression] Header value (content-type) mismatch for matchId=46f8e8a3-c72a-4ad9-ba61-9d2bc833fdb3
   Expected: application/json;charset=UTF-8
   Actual:   application/json; charset=UTF-8"
0aa20760-d4df-4cbd-b4bf-ed7bb38cca3e,5fa57948-66c8-46f7-9f07-640cec9c41b0,false,"[Regression] Status code mismatch for matchId=0aa20760-d4df-4cbd-b4bf-ed7bb38cca3e
   Expected: 200
   Actual:   201"
0aa20760-d4df-4cbd-b4bf-ed7bb38cca3e,8e13fc1b-9814-4ba1-8dde-3fbfec6c4dd6,false,"[Regression] Header value (content-type) mismatch for matchId=0aa20760-d4df-4cbd-b4bf-ed7bb38cca3e
   Expected: application/json;charset=UTF-8
   Actual:   charset=UTF-8"
0aa20760-d4df-4cbd-b4bf-ed7bb38cca3e,cec252b3-4ffd-4ce7-b893-15dcc5b30361,false,"[Regression] Header value (content-type) mismatch for matchId=0aa20760-d4df-4cbd-b4bf-ed7bb38cca3e
   Expected: application/json;charset=UTF-8
   Actual:   application/json; charset=latin9"
0aa20760-d4df-4cbd-b4bf-ed7bb38cca3e,7e6f5fcb-7b77-4671-bf28-9f4dc803899e,false,"[Regression] Header value (content-type) mismatch for matchId=0aa20760-d4df-4cbd-b4bf-ed7bb38cca3e
   Expected: application/json;charset=UTF-8
   Actual:   application/json; charset=UTF-8"
0aa20760-d4df-4cbd-b4bf-ed7bb38cca3e,f65ac96b-64b8-44be-a85e-c250635f5959,false,"[Regression] Header value (content-type) mismatch for matchId=0aa20760-d4df-4cbd-b4bf-ed7bb38cca3e
   Expected: application/json;charset=UTF-8
   Actual:   application/json; charset=UTF-8"
0aa20760-d4df-4cbd-b4bf-ed7bb38cca3e,ee3d9fc1-90dc-498c-b7ca-ddb29abbb978,false,"[Regression] Header value (content-type) mismatch for matchId=0aa20760-d4df-4cbd-b4bf-ed7bb38cca3e
   Expected: application/json;charset=UTF-8
   Actual:   application/json; charset=UTF-8"
0aa20760-d4df-4cbd-b4bf-ed7bb38cca3e,512171df-a88e-44b8-82bc-46ee824869bb,false,"[Regression] Header value (content-type) mismatch for matchId=0aa20760-d4df-4cbd-b4bf-ed7bb38cca3e
   Expected: application/json;charset=UTF-8
   Actual:   application/json; charset=UTF-8"
0aa20760-d4df-4cbd-b4bf-ed7bb38cca3e,1c58874e-0185-47d1-97d0-84d81a825c20,false,"[Regression] Header value (content-type) mismatch for matchId=0aa20760-d4df-4cbd-b4bf-ed7bb38cca3e
   Expected: application/json;charset=UTF-8
   Actual:   application/json; charset=UTF-8"
0aa20760-d4df-4cbd-b4bf-ed7bb38cca3e,df3b9c03-53bf-44f8-869a-3293045d0f45,false,"[Regression] Header value (content-type) mismatch for matchId=0aa20760-d4df-4cbd-b4bf-ed7bb38cca3e
   Expected: application/json;charset=UTF-8
   Actual:   application/json; charset=UTF-8"
0aa20760-d4df-4cbd-b4bf-ed7bb38cca3e,c20230d5-4325-47bf-bcc7-a31059941b2d,false,"[Regression] Header value (content-type) mismatch for matchId=0aa20760-d4df-4cbd-b4bf-ed7bb38cca3e
   Expected: application/json;charset=UTF-8
   Actual:   application/json; charset=UTF-8"
9f77d153-e9e2-4607-88c6-e5160a768c6e,f6ee4519-a81a-46dd-9788-84f45b192a4d,false,"[Regression] Status code mismatch for matchId=9f77d153-e9e2-4607-88c6-e5160a768c6e
   Expected: 200
   Actual:   409"
9f77d153-e9e2-4607-88c6-e5160a768c6e,318dee24-cac9-4d29-abc4-b884ce256e20,false,"[Regression] Header value (content-type) mismatch for matchId=9f77d153-e9e2-4607-88c6-e5160a768c6e
   Expected: application/json;charset=UTF-8
   Actual:   text/html; charset=UTF-8"
9f77d153-e9e2-4607-88c6-e5160a768c6e,b4359dc9-8764-4feb-9883-99ebcffefae2,false,"[Regression] Header value (content-type) mismatch for matchId=9f77d153-e9e2-4607-88c6-e5160a768c6e
   Expected: application/json;charset=UTF-8
   Actual:   application/json; charset=utf-8"
9f77d153-e9e2-4607-88c6-e5160a768c6e,a46514ed-00ec-48db-84cd-5bd67b33b66f,false,"[Regression] Header value (content-type) mismatch for matchId=9f77d153-e9e2-4607-88c6-e5160a768c6e
   Expected: application/json;charset=UTF-8
   Actual:   application/json; charset=UTF-8"
9f77d153-e9e2-4607-88c6-e5160a768c6e,ad2828e1-acb8-490e-b3e3-eea297f307eb,false,"[Regression] Header value (content-type) mismatch for matchId=9f77d153-e9e2-4607-88c6-e5160a768c6e
   Expected: application/json;charset=UTF-8
   Actual:   application/json; charset=UTF-8"
9f77d153-e9e2-4607-88c6-e5160a768c6e,4f1d8fe2-f8a9-4b7b-b681-d81f466571a2,false,"[Regression] Header value (content-type) mismatch for matchId=9f77d153-e9e2-4607-88c6-e5160a768c6e
   Expected: application/json;charset=UTF-8
   Actual:   application/json; charset=UTF-8"
9f77d153-e9e2-4607-88c6-e5160a768c6e,aa26560e-b284-43bc-a924-da3b49d23637,false,"[Regression] Header value (content-type) mismatch for matchId=9f77d153-e9e2-4607-88c6-e5160a768c6e
   Expected: application/json;charset=UTF-8
   Actual:   application/json; charset=UTF-8"
9f77d153-e9e2-4607-88c6-e5160a768c6e,bcabe6af-7ba5-423d-a2cb-7135d3c7787a,false,"[Regression] Header value (content-type) mismatch for matchId=9f77d153-e9e2-4607-88c6-e5160a768c6e
   Expected: application/json;charset=UTF-8
   Actual:   application/json; charset=UTF-8"
9f77d153-e9e2-4607-88c6-e5160a768c6e,5dc43528-49f5-4370-9a9b-b10fe638cc76,false,"[Regression] Header value (content-type) mismatch for matchId=9f77d153-e9e2-4607-88c6-e5160a768c6e
   Expected: application/json;charset=UTF-8
   Actual:   application/json; charset=UTF-8"
9f77d153-e9e2-4607-88c6-e5160a768c6e,d9490bf3-7131-4df0-b639-a4c2680ef0f2,false,"[Regression] Header value (content-type) mismatch for matchId=9f77d153-e9e2-4607-88c6-e5160a768c6e
   Expected: application/json;charset=UTF-8
   Actual:   application/json; charset=UTF-8"
3f72e0db-c72e-46fd-b9a4-65e77551df04,2178e914-3a22-4a44-9c22-ffeff6134e5c,false,"[Regression] Status code mismatch for matchId=3f72e0db-c72e-46fd-b9a4-65e77551df04
   Expected: 200
   Actual:   401"
3f72e0db-c72e-46fd-b9a4-65e77551df04,376f5cb6-0c3a-490a-8741-aea5f7dde013,false,"[Regression] Header value (content-type) mismatch for matchId=3f72e0db-c72e-46fd-b9a4-65e77551df04
   Expected: application/json;charset=UTF-8
   Actual:   text/css; charset=UTF-8"
3f72e0db-c72e-46fd-b9a4-65e77551df04,60bc4c44-4551-4fb4-bde5-a8e1f620e222,false,"[Regression] Header value (content-type) mismatch for matchId=3f72e0db-c72e-46fd-b9a4-65e77551df04
   Expected: application/json;charset=UTF-8
   Actual:   application/json; charset=utf-32"
3f72e0db-c72e-46fd-b9a4-65e77551df04,cd0dc977-bbb5-45e3-8bee-82df54bb5496,false,"[Regression] Header value (content-type) mismatch for matchId=3f72e0db-c72e-46fd-b9a4-65e77551df04
   Expected: application/json;charset=UTF-8
   Actual:   application/json; charset=UTF-8"
3f72e0db-c72e-46fd-b9a4-65e77551df04,686dde8c-17bc-43ab-985c-a8db19d76002,false,"[Regression] Header value (content-type) mismatch for matchId=3f72e0db-c72e-46fd-b9a4-65e77551df04
   Expected: application/json;charset=UTF-8
   Actual:   application/json; charset=UTF-8"
3f72e0db-c72e-46fd-b9a4-65e77551df04,7d568187-de71-42ee-85fb-58a6926c321c,false,"[Regression] Header value (content-type) mismatch for matchId=3f72e0db-c72e-46fd-b9a4-65e77551df04
   Expected: application/json;charset=UTF-8
   Actual:   application/json; charset=UTF-8"
3f72e0db-c72e-46fd-b9a4-65e77551df04,e733949f-cffb-48cd-ad71-7956d4395005,false,"[Regression] Header value (content-type) mismatch for matchId=3f72e0db-c72e-46fd-b9a4-65e77551df04
   Expected: application/json;charset=UTF-8
   Actual:   application/json; charset=UTF-8"
3f72e0db-c72e-46fd-b9a4-65e77551df04,33fc8d5b-c49a-4b75-8983-4caccc187509,false,"[Regression] Header value (content-type) mismatch for matchId=3f72e0db-c72e-46fd-b9a4-65e77551df04
   Expected: application/json;charset=UTF-8
   Actual:   application/json; charset=UTF-8"
3f72e0db-c72e-46fd-b9a4-65e77551df04,54baab09-5ec4-46fe-bd86-e55b12af7eeb,false,"[Regression] Header value (content-type) mismatch for matchId=3f72e0db-c72e-46fd-b9a4-65e77551df04
   Expected: application/json;charset=UTF-8
   Actual:   application/json; charset=UTF-8"
3f72e0db-c72e-46fd-b9a4-65e77551df04,9c3e8ca8-4cb6-46cc-843b-a744ab97166f,false,"[Regression] Header value (content-type) mismatch for matchId=3f72e0db-c72e-46fd-b9a4-65e77551df04
   Expected: application/json;charset=UTF-8
   Actual:   application/json; charset=UTF-8"
5b6faf62-5840-4c29-babd-cab04535553b,39bec06f-5bd1-4647-8397-38f184d0c062,false,"[Regression] Status code mismatch for matchId=5b6faf62-5840-4c29-babd-cab04535553b
   Expected: 200
   Actual:   409"
5b6faf62-5840-4c29-babd-cab04535553b,ca17e84c-7e69-4986-8189-b9a406f735e0,false,"[Regression] Header value (content-type) mismatch for matchId=5b6faf62-5840-4c29-babd-cab04535553b
   Expected: application/json;charset=UTF-8
   Actual:   charset=UTF-8"
5b6faf62-5840-4c29-babd-cab04535553b,ee35ccf8-fbe8-4c20-b93a-d22653ad7d18,false,"[Regression] Header value (content-type) mismatch for matchId=5b6faf62-5840-4c29-babd-cab04535553b
   Expected: application/json;charset=UTF-8
   Actual:   application/json; charset=ISO-8859-15"
5b6faf62-5840-4c29-babd-cab04535553b,b5996887-313d-4ef6-b708-feef74c5a244,false,"[Regression] Header value (content-type) mismatch for matchId=5b6faf62-5840-4c29-babd-cab04535553b
   Expected: application/json;charset=UTF-8
   Actual:   application/json; charset=UTF-8"
5b6faf62-5840-4c29-babd-cab04535553b,cc13c2de-1e24-468e-8919-4e901e6cd6f7,false,"[Regression] Header value (content-type) mismatch for matchId=5b6faf62-5840-4c29-babd-cab04535553b
   Expected: application/json;charset=UTF-8
   Actual:   application/json; charset=UTF-8"
5b6faf62-5840-4c29-babd-cab04535553b,2485f738-4427-4137-bb30-71c1ee531560,false,"[Regression] Header value (content-type) mismatch for matchId=5b6faf62-5840-4c29-babd-cab04535553b
   Expected: application/json;charset=UTF-8
   Actual:   application/json; charset=UTF-8"
5b6faf62-5840-4c29-babd-cab04535553b,56fa8451-92b5-409e-8c33-2c141e3e96bb,false,"[Regression] Header value (content-type) mismatch for matchId=5b6faf62-5840-4c29-babd-cab04535553b
   Expected: application/json;charset=UTF-8
   Actual:   application/json; charset=UTF-8"
5b6faf62-5840-4c29-babd-cab04535553b,8842ffd5-9f2a-4066-892c-89731acda5a1,false,"[Regression] Header value (content-type) mismatch for matchId=5b6faf62-5840-4c29-babd-cab04535553b
   Expected: application/json;charset=UTF-8
   Actual:   application/json; charset=UTF-8"
5b6faf62-5840-4c29-babd-cab04535553b,8b7446fb-bcc6-499c-b5af-27ad28f88e28,false,"[Regression] Header value (content-type) mismatch for matchId=5b6faf62-5840-4c29-babd-cab04535553b
   Expected: application/json;charset=UTF-8
   Actual:   application/json; charset=UTF-8"
5b6faf62-5840-4c29-babd-cab04535553b,f5a5e5d7-d97b-482e-bf9f-70526ae533be,false,"[Regression] Header value (content-type) mismatch for matchId=5b6faf62-5840-4c29-babd-cab04535553b
   Expected: application/json;charset=UTF-8
   Actual:   application/json; charset=UTF-8"
59571c5e-08b8-4987-be8e-933d39138dc1,6852d27e-e65a-414c-9970-0a22e6e475ec,false,"[Regression] Status code mismatch for matchId=59571c5e-08b8-4987-be8e-933d39138dc1
   Expected: 200
   Actual:   201"
59571c5e-08b8-4987-be8e-933d39138dc1,1b9cd0d3-d64a-4e64-8242-4c611453ca64,false,"[Regression] Header value (content-type) mismatch for matchId=59571c5e-08b8-4987-be8e-933d39138dc1
   Expected: application/json;charset=UTF-8
   Actual:   charset=UTF-8"
59571c5e-08b8-4987-be8e-933d39138dc1,ac7deb41-5462-4a0c-a23c-aef2484e7b2b,false,"[Regression] Header value (content-type) mismatch for matchId=59571c5e-08b8-4987-be8e-933d39138dc1
   Expected: application/json;charset=UTF-8
   Actual:   application/json; charset=utf16"
59571c5e-08b8-4987-be8e-933d39138dc1,b78b6e22-6edb-429f-9453-24aea10e2b8e,false,"[Regression] Header value (content-type) mismatch for matchId=59571c5e-08b8-4987-be8e-933d39138dc1
   Expected: application/json;charset=UTF-8
   Actual:   application/json; charset=UTF-8"
59571c5e-08b8-4987-be8e-933d39138dc1,2afa9216-433c-494c-ad76-9ed767dc3731,false,"[Regression] Header value (content-type) mismatch for matchId=59571c5e-08b8-4987-be8e-933d39138dc1
   Expected: application/json;charset=UTF-8
   Actual:   application/json; charset=UTF-8"
59571c5e-08b8-4987-be8e-933d39138dc1,ecfad287-e025-49a4-9977-c4589d8b8f43,false,"[Regression] Header value (content-type) mismatch for matchId=59571c5e-08b8-4987-be8e-933d39138dc1
   Expected: application/json;charset=UTF-8
   Actual:   application/json; charset=UTF-8"
59571c5e-08b8-4987-be8e-933d39138dc1,b3ad988e-f0cf-4a06-8765-a81c95ab72c6,false,"[Regression] Header value (content-type) mismatch for matchId=59571c5e-08b8-4987-be8e-933d39138dc1
   Expected: application/json;charset=UTF-8
   Actual:   application/json; charset=UTF-8"
59571c5e-08b8-4987-be8e-933d39138dc1,32f523e1-85b9-466e-81b9-0dade0ba1cd6,false,"[Regression] Header value (content-type) mismatch for matchId=59571c5e-08b8-4987-be8e-933d39138dc1
   Expected: application/json;charset=UTF-8
   Actual:   application/json; charset=UTF-8"
59571c5e-08b8-4987-be8e-933d39138dc1,09b34253-c2f5-49f4-9833-800fbd213497,false,"[Regression] Header value (content-type) mismatch for matchId=59571c5e-08b8-4987-be8e-933d39138dc1
   Expected: application/json;charset=UTF-8
   Actual:   application/json; charset=UTF-8"
59571c5e-08b8-4987-be8e-933d39138dc1,80c037fe-17a0-4e20-9349-b240e6a12b19,false,"[Regression] Header value (content-type) mismatch for matchId=59571c5e-08b8-4987-be8e-933d39138dc1
   Expected: application/json;charset=UTF-8
   Actual:   application/json; charset=UTF-8"
39474f4c-a733-4bfd-bd17-c6611a76e07e,1f88e50e-e624-4659-aed2-b0761bc33819,false,"[Regression] Status code mismatch for matchId=39474f4c-a733-4bfd-bd17-c6611a76e07e
   Expected: 200
   Actual:   204"
39474f4c-a733-4bfd-bd17-c6611a76e07e,7ec4bb6d-4d69-4d72-8200-13a53a594438,false,"[Regression] Header value (content-type) mismatch for matchId=39474f4c-a733-4bfd-bd17-c6611a76e07e
   Expected: application/json;charset=UTF-8
   Actual:   charset=UTF-8"
39474f4c-a733-4bfd-bd17-c6611a76e07e,3d5dc8c1-ad34-441c-a622-17b4b574c4f9,false,"[Regression] Header value (content-type) mismatch for matchId=39474f4c-a733-4bfd-bd17-c6611a76e07e
   Expected: application/json;charset=UTF-8
   Actual:   application/json; charset=latin9"
39474f4c-a733-4bfd-bd17-c6611a76e07e,8cb2a21f-2441-497d-8201-73edb098e152,false,"[Regression] Header value (content-type) mismatch for matchId=39474f4c-a733-4bfd-bd17-c6611a76e07e
   Expected: application/json;charset=UTF-8
   Actual:   application/json; charset=UTF-8"
39474f4c-a733-4bfd-bd17-c6611a76e07e,02120e50-87c0-4d18-b4b0-ff0914b63310,false,"[Regression] Header value (content-type) mismatch for matchId=39474f4c-a733-4bfd-bd17-c6611a76e07e
   Expected: application/json;charset=UTF-8
   Actual:   application/json; charset=UTF-8"
39474f4c-a733-4bfd-bd17-c6611a76e07e,d6c58eb6-f2c5-48ea-a9c2-6bf79a473b29,false,"[Regression] Header value (content-type) mismatch for matchId=39474f4c-a733-4bfd-bd17-c6611a76e07e
   Expected: application/json;charset=UTF-8
   Actual:   application/json; charset=UTF-8"
39474f4c-a733-4bfd-bd17-c6611a76e07e,b1e9d45b-d510-4525-bf85-c2638d671113,false,"[Regression] Header value (content-type) mismatch for matchId=39474f4c-a733-4bfd-bd17-c6611a76e07e
   Expected: application/json;charset=UTF-8
   Actual:   application/json; charset=UTF-8"
39474f4c-a733-4bfd-bd17-c6611a76e07e,e5790aa7-a7d6-4235-8bdc-aedb6983fdbc,false,"[Regression] Header value (content-type) mismatch for matchId=39474f4c-a733-4bfd-bd17-c6611a76e07e
   Expected: application/json;charset=UTF-8
   Actual:   application/json; charset=UTF-8"
39474f4c-a733-4bfd-bd17-c6611a76e07e,5ef439e2-9baa-4530-9b45-8a0f721f0435,false,"[Regression] Header value (content-type) mismatch for matchId=39474f4c-a733-4bfd-bd17-c6611a76e07e
   Expected: application/json;charset=UTF-8
   Actual:   application/json; charset=UTF-8"
39474f4c-a733-4bfd-bd17-c6611a76e07e,a39679e1-c1fd-484e-8255-a758e9d1cf7c,false,"[Regression] Header value (content-type) mismatch for matchId=39474f4c-a733-4bfd-bd17-c6611a76e07e
   Expected: application/json;charset=UTF-8
   Actual:   application/json; charset=UTF-8"
8acf6bd5-11e6-46db-b522-1d84d10b7079,e6579f42-f2a7-4e38-ae14-61bc34f3f254,false,"[Regression] Status code mismatch for matchId=8acf6bd5-11e6-46db-b522-1d84d10b7079
   Expected: 200
   Actual:   201"
8acf6bd5-11e6-46db-b522-1d84d10b7079,d1102ea6-dd10-4534-a2ee-cd6ea7b57773,false,"[Regression] Header value (content-type) mismatch for matchId=8acf6bd5-11e6-46db-b522-1d84d10b7079
   Expected: application/json;charset=UTF-8
   Actual:   charset=UTF-8"
8acf6bd5-11e6-46db-b522-1d84d10b7079,272b6845-5d7e-4fec-ae13-dcb5fbf6010f,false,"[Regression] Header value (content-type) mismatch for matchId=8acf6bd5-11e6-46db-b522-1d84d10b7079
   Expected: application/json;charset=UTF-8
   Actual:   application/json"
8acf6bd5-11e6-46db-b522-1d84d10b7079,26f9de29-da6f-4474-9ad0-56a729ca4a19,false,"[Regression] Header value (content-type) mismatch for matchId=8acf6bd5-11e6-46db-b522-1d84d10b7079
   Expected: application/json;charset=UTF-8
   Actual:   application/json; charset=UTF-8"
8acf6bd5-11e6-46db-b522-1d84d10b7079,9724b31f-94bc-4154-a739-63db71bcc6a7,false,"[Regression] Header value (content-type) mismatch for matchId=8acf6bd5-11e6-46db-b522-1d84d10b7079
   Expected: application/json;charset=UTF-8
   Actual:   application/json; charset=UTF-8"
8acf6bd5-11e6-46db-b522-1d84d10b7079,307571ad-0ff0-415d-a79c-ba40564b780c,false,"[Regression] Header value (content-type) mismatch for matchId=8acf6bd5-11e6-46db-b522-1d84d10b7079
   Expected: application/json;charset=UTF-8
   Actual:   application/json; charset=UTF-8"
8acf6bd5-11e6-46db-b522-1d84d10b7079,54a4a349-4cec-47d3-b7db-e1d5a0e25704,false,"[Regression] Header value (content-type) mismatch for matchId=8acf6bd5-11e6-46db-b522-1d84d10b7079
   Expected: application/json;charset=UTF-8
   Actual:   application/json; charset=UTF-8"
8acf6bd5-11e6-46db-b522-1d84d10b7079,92124d8c-1d06-409d-b2e8-bdaff3a88c3e,false,"[Regression] Header value (content-type) mismatch for matchId=8acf6bd5-11e6-46db-b522-1d84d10b7079
   Expected: application/json;charset=UTF-8
   Actual:   application/json; charset=UTF-8"
8acf6bd5-11e6-46db-b522-1d84d10b7079,85166ab6-092f-46c1-97ed-5b8d7468b4b4,false,"[Regression] Header value (content-type) mismatch for matchId=8acf6bd5-11e6-46db-b522-1d84d10b7079
   Expected: application/json;charset=UTF-8
   Actual:   application/json; charset=UTF-8"
8acf6bd5-11e6-46db-b522-1d84d10b7079,f13515d9-8503-449d-b658-52b2bb9347ad,false,"[Regression] Header value (content-type) mismatch for matchId=8acf6bd5-11e6-46db-b522-1d84d10b7079
   Expected: application/json;charset=UTF-8
   Actual:   application/json; charset=UTF-8"
7200cb06-1ac3-4d69-872b-0853b3e31199,8e312f4d-6503-4dc5-80d4-d0558901bea4,false,"[Regression] Status code mismatch for matchId=7200cb06-1ac3-4d69-872b-0853b3e31199
   Expected: 200
   Actual:   201"
7200cb06-1ac3-4d69-872b-0853b3e31199,fb1c792e-f2cb-4596-aa37-f2c4f8873826,false,"[Regression] Header value (content-type) mismatch for matchId=7200cb06-1ac3-4d69-872b-0853b3e31199
   Expected: application/json;charset=UTF-8
   Actual:   text/javascript; charset=UTF-8"
7200cb06-1ac3-4d69-872b-0853b3e31199,6cfc8cf3-c9e0-45e6-9465-1490cc76373e,false,"[Regression] Header value (content-type) mismatch for matchId=7200cb06-1ac3-4d69-872b-0853b3e31199
   Expected: application/json;charset=UTF-8
   Actual:   application/json"
7200cb06-1ac3-4d69-872b-0853b3e31199,abf09005-c791-4aae-b70a-948febb1aa03,false,"[Regression] Header value (content-type) mismatch for matchId=7200cb06-1ac3-4d69-872b-0853b3e31199
   Expected: application/json;charset=UTF-8
   Actual:   application/json; charset=UTF-8"
7200cb06-1ac3-4d69-872b-0853b3e31199,735c325c-9889-4ac0-bb37-da5c0d794302,false,"[Regression] Header value (content-type) mismatch for matchId=7200cb06-1ac3-4d69-872b-0853b3e31199
   Expected: application/json;charset=UTF-8
   Actual:   application/json; charset=UTF-8"
7200cb06-1ac3-4d69-872b-0853b3e31199,bb56dbb6-d631-4eda-b247-f94429054a0b,false,"[Regression] Header value (content-type) mismatch for matchId=7200cb06-1ac3-4d69-872b-0853b3e31199
   Expected: application/json;charset=UTF-8
   Actual:   application/json; charset=UTF-8"
7200cb06-1ac3-4d69-872b-0853b3e31199,7633807d-3dc8-4b09-938c-a220f50fe5cf,false,"[Regression] Header value (content-type) mismatch for matchId=7200cb06-1ac3-4d69-872b-0853b3e31199
   Expected: application/json;charset=UTF-8
   Actual:   application/json; charset=UTF-8"
7200cb06-1ac3-4d69-872b-0853b3e31199,af0cd5d9-af3c-4433-80db-bcf0caca51d4,false,"[Regression] Header value (content-type) mismatch for matchId=7200cb06-1ac3-4d69-872b-0853b3e31199
   Expected: application/json;charset=UTF-8
   Actual:   application/json; charset=UTF-8"
7200cb06-1ac3-4d69-872b-0853b3e31199,3f2a987d-dcc8-42ce-a531-e87dfde830b8,false,"[Regression] Header value (content-type) mismatch for matchId=7200cb06-1ac3-4d69-872b-0853b3e31199
   Expected: application/json;charset=UTF-8
   Actual:   application/json; charset=UTF-8"
7200cb06-1ac3-4d69-872b-0853b3e31199,1a6e6118-f0d2-4c5e-8af6-59589fc2433c,false,"[Regression] Header value (content-type) mismatch for matchId=7200cb06-1ac3-4d69-872b-0853b3e31199
   Expected: application/json;charset=UTF-8
   Actual:   application/json; charset=UTF-8"
20370c06-197a-48b7-a7db-8ddd3e101262,6dbe2c82-e898-462d-9e83-5138e9ddef20,false,"[Regression] Status code mismatch for matchId=20370c06-197a-48b7-a7db-8ddd3e101262
   Expected: 200
   Actual:   201"
20370c06-197a-48b7-a7db-8ddd3e101262,d4318f34-5e3b-4c1f-ba80-be120011966a,false,"[Regression] Header value (content-type) mismatch for matchId=20370c06-197a-48b7-a7db-8ddd3e101262
   Expected: application/json;charset=UTF-8
   Actual:   charset=UTF-8"
20370c06-197a-48b7-a7db-8ddd3e101262,87250484-6167-4481-8b3b-091e359c4e07,false,"[Regression] Header value (content-type) mismatch for matchId=20370c06-197a-48b7-a7db-8ddd3e101262
   Expected: application/json;charset=UTF-8
   Actual:   application/json"
20370c06-197a-48b7-a7db-8ddd3e101262,04642771-b91b-45e4-8b28-8f2c50d6d82b,false,"[Regression] Header value (content-type) mismatch for matchId=20370c06-197a-48b7-a7db-8ddd3e101262
   Expected: application/json;charset=UTF-8
   Actual:   application/json; charset=UTF-8"
20370c06-197a-48b7-a7db-8ddd3e101262,35e29692-e9db-4b92-9b1e-c2c94706eb71,false,"[Regression] Header value (content-type) mismatch for matchId=20370c06-197a-48b7-a7db-8ddd3e101262
   Expected: application/json;charset=UTF-8
   Actual:   application/json; charset=UTF-8"
20370c06-197a-48b7-a7db-8ddd3e101262,123f783d-b3fe-4b81-a5c1-3b67d31b232b,false,"[Regression] Header value (content-type) mismatch for matchId=20370c06-197a-48b7-a7db-8ddd3e101262
   Expected: application/json;charset=UTF-8
   Actual:   application/json; charset=UTF-8"
20370c06-197a-48b7-a7db-8ddd3e101262,8f618281-0b0e-48bd-a990-1c62a8f5d666,false,"[Regression] Header value (content-type) mismatch for matchId=20370c06-197a-48b7-a7db-8ddd3e101262
   Expected: application/json;charset=UTF-8
   Actual:   application/json; charset=UTF-8"
20370c06-197a-48b7-a7db-8ddd3e101262,d893afbe-04c9-426d-a6ba-419cd5984d8d,false,"[Regression] Header value (content-type) mismatch for matchId=20370c06-197a-48b7-a7db-8ddd3e101262
   Expected: application/json;charset=UTF-8
   Actual:   application/json; charset=UTF-8"
20370c06-197a-48b7-a7db-8ddd3e101262,56456d49-bd1d-42da-adaa-e4837706dad6,false,"[Regression] Header value (content-type) mismatch for matchId=20370c06-197a-48b7-a7db-8ddd3e101262
   Expected: application/json;charset=UTF-8
   Actual:   application/json; charset=UTF-8"
20370c06-197a-48b7-a7db-8ddd3e101262,5502de46-1bb3-478b-b18e-f0217f5e6090,false,"[Regression] Header value (content-type) mismatch for matchId=20370c06-197a-48b7-a7db-8ddd3e101262
   Expected: application/json;charset=UTF-8
   Actual:   application/json; charset=UTF-8"
24467bd3-7eff-49f8-9884-73285867b376,963b8863-cc15-4458-9dec-be43c9d13e9e,false,"[Regression] Status code mismatch for matchId=24467bd3-7eff-49f8-9884-73285867b376
   Expected: 400
   Actual:   201"
24467bd3-7eff-49f8-9884-73285867b376,1b061e39-c18d-4648-86bf-f143f0170375,false,"[Regression] Header value (content-type) mismatch for matchId=24467bd3-7eff-49f8-9884-73285867b376
   Expected: application/json;charset=UTF-8
   Actual:   application/x-www-form-urlencoded; charset=UTF-8"
24467bd3-7eff-49f8-9884-73285867b376,660de87a-1049-472d-abc7-a979c8008edf,false,"[Regression] Header value (content-type) mismatch for matchId=24467bd3-7eff-49f8-9884-73285867b376
   Expected: application/json;charset=UTF-8
   Actual:   application/json"
24467bd3-7eff-49f8-9884-73285867b376,439d1250-1498-4f85-a28d-14f483f86b90,false,"[Regression] Header value (content-type) mismatch for matchId=24467bd3-7eff-49f8-9884-73285867b376
   Expected: application/json;charset=UTF-8
   Actual:   application/json; charset=UTF-8"
24467bd3-7eff-49f8-9884-73285867b376,8c456533-bb2f-4aeb-917b-2e7080c8e530,false,"[Regression] Header value (content-type) mismatch for matchId=24467bd3-7eff-49f8-9884-73285867b376
   Expected: application/json;charset=UTF-8
   Actual:   application/json; charset=UTF-8"
24467bd3-7eff-49f8-9884-73285867b376,c2ab3a60-897f-4514-8f34-daf807dbe220,false,"[Regression] Header value (content-type) mismatch for matchId=24467bd3-7eff-49f8-9884-73285867b376
   Expected: application/json;charset=UTF-8
   Actual:   application/json; charset=UTF-8"
24467bd3-7eff-49f8-9884-73285867b376,4712f45d-2521-4ac5-b8e1-a77c044424fe,false,"[Regression] Header value (content-type) mismatch for matchId=24467bd3-7eff-49f8-9884-73285867b376
   Expected: application/json;charset=UTF-8
   Actual:   application/json; charset=UTF-8"
24467bd3-7eff-49f8-9884-73285867b376,039d4511-1aa4-473b-b383-52d68e2ccf10,false,"[Regression] Header value (content-type) mismatch for matchId=24467bd3-7eff-49f8-9884-73285867b376
   Expected: application/json;charset=UTF-8
   Actual:   application/json; charset=UTF-8"

Summary,Total=188,Passed=0,KillRate=100.0%,TimeCost=0.42 s
