operationId,status,mediaType,field
getVideos,200,application/json,/eventId
getVideos,200,application/json,/items[]/ageGating
getVideos,200,application/json,/items[]/ageGating/alcoholContent
getVideos,200,application/json,/items[]/ageGating/restricted
getVideos,200,application/json,/items[]/ageGating/videoGameRating
getVideos,200,application/json,/items[]/contentDetails/contentRating
getVideos,200,application/json,/items[]/contentDetails/contentRating/acbRating
getVideos,200,application/json,/items[]/contentDetails/contentRating/agcomRating
getVideos,200,application/json,/items[]/contentDetails/contentRating/anatelRating
getVideos,200,application/json,/items[]/contentDetails/contentRating/bbfcRating
getVideos,200,application/json,/items[]/contentDetails/contentRating/bfvcRating
getVideos,200,application/json,/items[]/contentDetails/contentRating/bmukkRating
getVideos,200,application/json,/items[]/contentDetails/contentRating/catvRating
getVideos,200,application/json,/items[]/contentDetails/contentRating/catvfrRating
getVideos,200,application/json,/items[]/contentDetails/contentRating/cbfcRating
getVideos,200,application/json,/items[]/contentDetails/contentRating/cccRating
getVideos,200,application/json,/items[]/contentDetails/contentRating/cceRating
getVideos,200,application/json,/items[]/contentDetails/contentRating/chfilmRating
getVideos,200,application/json,/items[]/contentDetails/contentRating/chvrsRating
getVideos,200,application/json,/items[]/contentDetails/contentRating/cicfRating
getVideos,200,application/json,/items[]/contentDetails/contentRating/cnaRating
getVideos,200,application/json,/items[]/contentDetails/contentRating/cncRating
getVideos,200,application/json,/items[]/contentDetails/contentRating/csaRating
getVideos,200,application/json,/items[]/contentDetails/contentRating/cscfRating
getVideos,200,application/json,/items[]/contentDetails/contentRating/czfilmRating
getVideos,200,application/json,/items[]/contentDetails/contentRating/djctqRating
getVideos,200,application/json,/items[]/contentDetails/contentRating/djctqRatingReasons
getVideos,200,application/json,/items[]/contentDetails/contentRating/ecbmctRating
getVideos,200,application/json,/items[]/contentDetails/contentRating/eefilmRating
getVideos,200,application/json,/items[]/contentDetails/contentRating/egfilmRating
getVideos,200,application/json,/items[]/contentDetails/contentRating/eirinRating
getVideos,200,application/json,/items[]/contentDetails/contentRating/fcbmRating
getVideos,200,application/json,/items[]/contentDetails/contentRating/fcoRating
getVideos,200,application/json,/items[]/contentDetails/contentRating/fmocRating
getVideos,200,application/json,/items[]/contentDetails/contentRating/fpbRating
getVideos,200,application/json,/items[]/contentDetails/contentRating/fpbRatingReasons
getVideos,200,application/json,/items[]/contentDetails/contentRating/fskRating
getVideos,200,application/json,/items[]/contentDetails/contentRating/grfilmRating
getVideos,200,application/json,/items[]/contentDetails/contentRating/icaaRating
getVideos,200,application/json,/items[]/contentDetails/contentRating/ifcoRating
getVideos,200,application/json,/items[]/contentDetails/contentRating/ilfilmRating
getVideos,200,application/json,/items[]/contentDetails/contentRating/incaaRating
getVideos,200,application/json,/items[]/contentDetails/contentRating/kfcbRating
getVideos,200,application/json,/items[]/contentDetails/contentRating/kijkwijzerRating
getVideos,200,application/json,/items[]/contentDetails/contentRating/kmrbRating
getVideos,200,application/json,/items[]/contentDetails/contentRating/lsfRating
getVideos,200,application/json,/items[]/contentDetails/contentRating/mccaaRating
getVideos,200,application/json,/items[]/contentDetails/contentRating/mccypRating
getVideos,200,application/json,/items[]/contentDetails/contentRating/mcstRating
getVideos,200,application/json,/items[]/contentDetails/contentRating/mdaRating
getVideos,200,application/json,/items[]/contentDetails/contentRating/medietilsynetRating
getVideos,200,application/json,/items[]/contentDetails/contentRating/mekuRating
getVideos,200,application/json,/items[]/contentDetails/contentRating/menaMpaaRating
getVideos,200,application/json,/items[]/contentDetails/contentRating/mibacRating
getVideos,200,application/json,/items[]/contentDetails/contentRating/mocRating
getVideos,200,application/json,/items[]/contentDetails/contentRating/moctwRating
getVideos,200,application/json,/items[]/contentDetails/contentRating/mpaaRating
getVideos,200,application/json,/items[]/contentDetails/contentRating/mpaatRating
getVideos,200,application/json,/items[]/contentDetails/contentRating/mtrcbRating
getVideos,200,application/json,/items[]/contentDetails/contentRating/nbcRating
getVideos,200,application/json,/items[]/contentDetails/contentRating/nbcplRating
getVideos,200,application/json,/items[]/contentDetails/contentRating/nfrcRating
getVideos,200,application/json,/items[]/contentDetails/contentRating/nfvcbRating
getVideos,200,application/json,/items[]/contentDetails/contentRating/nkclvRating
getVideos,200,application/json,/items[]/contentDetails/contentRating/nmcRating
getVideos,200,application/json,/items[]/contentDetails/contentRating/oflcRating
getVideos,200,application/json,/items[]/contentDetails/contentRating/pefilmRating
getVideos,200,application/json,/items[]/contentDetails/contentRating/rcnofRating
getVideos,200,application/json,/items[]/contentDetails/contentRating/resorteviolenciaRating
getVideos,200,application/json,/items[]/contentDetails/contentRating/rtcRating
getVideos,200,application/json,/items[]/contentDetails/contentRating/rteRating
getVideos,200,application/json,/items[]/contentDetails/contentRating/russiaRating
getVideos,200,application/json,/items[]/contentDetails/contentRating/skfilmRating
getVideos,200,application/json,/items[]/contentDetails/contentRating/smaisRating
getVideos,200,application/json,/items[]/contentDetails/contentRating/smsaRating
getVideos,200,application/json,/items[]/contentDetails/contentRating/tvpgRating
getVideos,200,application/json,/items[]/contentDetails/contentRating/ytRating
getVideos,200,application/json,/items[]/contentDetails/countryRestriction
getVideos,200,application/json,/items[]/contentDetails/countryRestriction/allowed
getVideos,200,application/json,/items[]/contentDetails/countryRestriction/exception
getVideos,200,application/json,/items[]/contentDetails/hasCustomThumbnail
getVideos,200,application/json,/items[]/fileDetails
getVideos,200,application/json,/items[]/fileDetails/audioStreams
getVideos,200,application/json,/items[]/fileDetails/audioStreams[]/bitrateBps
getVideos,200,application/json,/items[]/fileDetails/audioStreams[]/channelCount
getVideos,200,application/json,/items[]/fileDetails/audioStreams[]/codec
getVideos,200,application/json,/items[]/fileDetails/audioStreams[]/vendor
getVideos,200,application/json,/items[]/fileDetails/bitrateBps
getVideos,200,application/json,/items[]/fileDetails/container
getVideos,200,application/json,/items[]/fileDetails/creationTime
getVideos,200,application/json,/items[]/fileDetails/durationMs
getVideos,200,application/json,/items[]/fileDetails/fileName
getVideos,200,application/json,/items[]/fileDetails/fileSize
getVideos,200,application/json,/items[]/fileDetails/fileType
getVideos,200,application/json,/items[]/fileDetails/videoStreams
getVideos,200,application/json,/items[]/fileDetails/videoStreams[]/aspectRatio
getVideos,200,application/json,/items[]/fileDetails/videoStreams[]/bitrateBps
getVideos,200,application/json,/items[]/fileDetails/videoStreams[]/codec
getVideos,200,application/json,/items[]/fileDetails/videoStreams[]/frameRateFps
getVideos,200,application/json,/items[]/fileDetails/videoStreams[]/heightPixels
getVideos,200,application/json,/items[]/fileDetails/videoStreams[]/rotation
getVideos,200,application/json,/items[]/fileDetails/videoStreams[]/vendor
getVideos,200,application/json,/items[]/fileDetails/videoStreams[]/widthPixels
getVideos,200,application/json,/items[]/liveStreamingDetails/activeLiveChatId
getVideos,200,application/json,/items[]/liveStreamingDetails/concurrentViewers
getVideos,200,application/json,/items[]/liveStreamingDetails/scheduledEndTime
getVideos,200,application/json,/items[]/monetizationDetails
getVideos,200,application/json,/items[]/monetizationDetails/access
getVideos,200,application/json,/items[]/monetizationDetails/access/allowed
getVideos,200,application/json,/items[]/monetizationDetails/access/exception
getVideos,200,application/json,/items[]/processingDetails
getVideos,200,application/json,/items[]/processingDetails/editorSuggestionsAvailability
getVideos,200,application/json,/items[]/processingDetails/fileDetailsAvailability
getVideos,200,application/json,/items[]/processingDetails/processingFailureReason
getVideos,200,application/json,/items[]/processingDetails/processingIssuesAvailability
getVideos,200,application/json,/items[]/processingDetails/processingProgress
getVideos,200,application/json,/items[]/processingDetails/processingProgress/partsProcessed
getVideos,200,application/json,/items[]/processingDetails/processingProgress/partsTotal
getVideos,200,application/json,/items[]/processingDetails/processingProgress/timeLeftMs
getVideos,200,application/json,/items[]/processingDetails/processingStatus
getVideos,200,application/json,/items[]/processingDetails/tagSuggestionsAvailability
getVideos,200,application/json,/items[]/processingDetails/thumbnailsAvailability
getVideos,200,application/json,/items[]/projectDetails
getVideos,200,application/json,/items[]/statistics/dislikeCount
getVideos,200,application/json,/items[]/status/failureReason
getVideos,200,application/json,/items[]/status/publishAt
getVideos,200,application/json,/items[]/status/rejectionReason
getVideos,200,application/json,/items[]/status/selfDeclaredMadeForKids
getVideos,200,application/json,/items[]/suggestions
getVideos,200,application/json,/items[]/suggestions/editorSuggestions
getVideos,200,application/json,/items[]/suggestions/processingErrors
getVideos,200,application/json,/items[]/suggestions/processingHints
getVideos,200,application/json,/items[]/suggestions/processingWarnings
getVideos,200,application/json,/items[]/suggestions/tagSuggestions
getVideos,200,application/json,/items[]/suggestions/tagSuggestions[]/categoryRestricts
getVideos,200,application/json,/items[]/suggestions/tagSuggestions[]/tag
getVideos,200,application/json,/items[]/topicDetails/relevantTopicIds
getVideos,200,application/json,/items[]/topicDetails/topicIds
getVideos,200,application/json,/prevPageToken
getVideos,200,application/json,/tokenPagination
getVideos,200,application/json,/visitorId
