hm_mutator,hm_operator,survived_mutants,killed_mutants,invalid_mutants,kill_rate,original_total,original_valid,original_invalid
ArrayMutator,ArrayAddElementOperator,10,0,0,0.0,11,11,0
ArrayMutator,ArrayDisorderElementsOperator,10,0,0,0.0,11,11,0
ArrayMutator,ArrayEmptyOperator,12,0,0,0.0,11,11,0
ArrayMutator,ArrayRemoveElementOperator,8,0,0,0.0,11,11,0
ArrayMutator,ChangeTypeOperator,8,0,0,0.0,11,11,0
ArrayMutator,NullOperator,10,0,0,0.0,11,11,0
BooleanMutator,NullOperator,1,0,0,0.0,11,11,0
DoubleMutator,ChangeTypeOperator,100,0,0,0.0,11,11,0
DoubleMutator,DoubleReplacementOperator,98,0,0,0.0,11,11,0
DoubleMutator,NullOperator,117,0,0,0.0,11,11,0
HeaderMutator,CharsetReplacementOperator,8,0,0,0.0,11,11,0
HeaderMutator,MediaTypeReplacementOperator,0,4,0,1.0,11,11,0
HeaderMutator,NullOperator,3,7,0,0.7,11,11,0
LongMutator,ChangeTypeOperator,267,0,0,0.0,11,11,0
LongMutator,LongReplacementOperator,278,0,0,0.0,11,11,0
LongMutator,NullOperator,264,0,0,0.0,11,11,0
ObjectMutator,ChangeTypeOperator,47,0,0,0.0,11,11,0
ObjectMutator,NullOperator,69,0,0,0.0,11,11,0
ObjectMutator,ObjectAddElementOperator,66,0,0,0.0,11,11,0
ObjectMutator,ObjectRemoveElementOperator,71,0,0,0.0,11,11,0
StatusCodeMutator,StatusCodeReplacementWith20XOperator,4,0,0,0.0,11,11,0
StatusCodeMutator,StatusCodeReplacementWith40XOperator,2,0,0,0.0,11,11,0
StatusCodeMutator,StatusCodeReplacementWith50XOperator,0,5,0,1.0,11,11,0
StringMutator,ChangeTypeOperator,808,0,0,0.0,11,11,0
StringMutator,NullOperator,785,0,0,0.0,11,11,0
StringMutator,StringAddSpecialCharactersMutationOperator,878,0,0,0.0,11,11,0
StringMutator,StringBoundaryOperator,789,0,0,0.0,11,11,0
StringMutator,StringReplacementOperator,824,0,0,0.0,11,11,0
