api_name,path,method,num_input_parameters,has_2XX
Stripe,/v1/products,POST,38,True
Foursquare,/places/search,GET,19,True
Yelp,/businesses/search,GET,14,True
AmadeusHotel,/shopping/hotel-offers,GET,13,True
YouTube-getVideos,/youtube/v3/videos,GET,12,True
DHL,/location-finder/v1/find-by-address,GET,11,True
FDIC,/institutions,GET,10,True
Vimeo,/videos,GET,8,True
Ohsome,/elements/{aggregation},GET,8,True
Deutschebahn,/stations,GET,8,True
iTunes,/search,GET,8,True
Github-getOrganizationRepositories,/orgs/{org}/repos,GET,6,True
OMDB-byIdOrTitle,/,GET,6,True
Spotify,/artists/{id}/albums,GET,5,True
OMDB-bySearch,/,GET,5,True
GitLab,/projects/{id}/badges,GET,4,True
AmadeusCitySearch,/reference-data/locations/cities,GET,4,True
Spotify,/albums/{id}/tracks,GET,4,True
NYTimesBooks,/lists.json,GET,4,True
GitLab,/projects/{id}/jobs,GET,2,True